Piezo_1_V,Piezo_2_V,Piezo_3_V,Piezo_4_V,Piezo_5_V,Timestamp_s
0.2933,0.0733,0.0635,0.0831,0.0489,6.586468
0.0831,0.0489,0.088,0.0929,0.0733,6.588024
0.0831,0.0831,0.0391,0.0831,0.1026,6.589504
0.0489,0.0831,0.0538,0.1026,0.0831,6.593028
0.1026,0.1417,0.0733,0.0684,0.0684,6.617988
0.0538,0.0538,0.044,0.0538,0.0538,6.642948
0.0489,0.0587,0.0489,0.0391,0.0635,6.666868
0.044,0.0391,0.0391,0.0489,0.0489,6.690788
0.0391,0.0489,0.0391,0.0489,0.044,6.712628
0.0489,0.044,0.044,0.044,0.0391,6.734468
0.0489,0.0587,0.0391,0.0391,0.0684,6.755268
0.1222,0.1906,0.1075,0.1515,0.0391,6.778148
0.0391,0.0489,0.0587,0.0489,0.0733,6.802068
0.0733,0.0733,0.0391,0.0684,0.0538,6.825992
0.0635,0.0538,0.0635,0.0831,0.0929,6.849908
0.1222,0.0831,0.1271,0.1124,0.1173,6.874868
0.0489,0.1711,0.1026,0.0782,0.0831,6.899828
0.1417,0.132,0.0538,0.1124,0.088,6.924788
0.2102,0.1515,0.0733,0.0782,0.0587,6.949748
0.1369,0.132,0.0587,0.2102,0.0489,6.974708
0.0635,0.044,0.0587,0.0929,0.0733,6.999668
0.044,0.0489,0.0635,0.0587,0.0538,7.023588
0.0587,0.0684,0.0782,0.0635,0.0391,7.047508
0.0489,0.0391,0.0733,0.0538,0.0391,7.071428
0.044,0.0587,0.0391,0.0635,0.044,7.094308
0.0489,0.0391,0.044,0.0538,0.0635,7.116148
0.0538,0.0635,0.0489,0.0587,0.0538,7.139028
0.0489,0.0831,0.0489,0.0635,0.0587,7.163988
0.0782,0.0733,0.0538,0.0538,0.0978,7.188948
0.1173,0.1564,0.0831,0.0489,0.1173,7.213908
0.1515,0.2835,0.2102,0.1564,0.1515,7.238868
0.1271,0.0635,0.0782,0.1271,0.088,7.263828
0.1808,0.1173,0.0684,0.0733,0.0733,7.288788
0.0782,0.1124,0.0831,0.1124,0.1124,7.313748
0.0929,0.0391,0.0733,0.0489,0.0538,7.338708
0.0538,0.044,0.044,0.0635,0.0684,7.362628
0.044,0.0684,0.0391,0.0538,0.044,7.385508
0.0587,0.044,0.0538,0.044,0.0587,7.407348
0.044,0.0391,0.0733,0.0635,0.0538,7.430228
0.0538,0.0489,0.1808,0.0831,0.2102,7.453108
0.0587,0.0587,0.1124,0.0733,0.1271,7.478068
0.0831,0.0782,0.088,0.0684,0.0587,7.503028
0.132,0.088,0.0635,0.0587,0.0929,7.527988
0.0733,0.0587,0.0391,0.0587,0.0782,7.552948
0.1564,0.044,0.0978,0.0684,0.0587,7.576868
0.1026,0.0831,0.0587,0.0635,0.1075,7.600788
0.2102,0.0831,0.1808,0.132,0.0782,7.625748
0.1711,0.0489,0.088,0.0782,0.132,7.650708
0.0782,0.1466,0.0489,0.0391,0.0782,7.675668
0.0635,0.0635,0.0684,0.0831,0.0635,7.699588
0.0391,0.0831,0.088,0.0733,0.0831,7.724548
0.0538,0.0489,0.0587,0.088,0.0587,7.748468
0.0489,0.0538,0.0538,0.044,0.0684,7.773428
0.0635,0.0538,0.0635,0.0929,0.0489,7.797348
0.0587,0.0831,0.0978,0.0538,0.044,7.822308
0.1515,0.1906,0.0978,0.1711,0.1662,7.846228
0.1075,0.1515,0.0587,0.0733,0.0587,7.871188
0.0782,0.1417,0.0587,0.0782,0.259,7.896148
0.132,0.088,0.1466,0.1515,0.088,7.921108
0.0391,0.0831,0.0831,0.0587,0.0929,7.946068
0.0929,0.2053,0.1515,0.088,0.1173,7.969988
0.0635,0.0635,0.0733,0.0831,0.0978,7.994948
0.0782,0.0489,0.1173,0.0978,0.0733,8.019908
0.0587,0.0489,0.044,0.0684,0.0733,8.044868
0.0489,0.0684,0.0489,0.044,0.0733,8.068788
0.0684,0.0538,0.0538,0.0635,0.0489,8.092708
0.0831,0.0635,0.0733,0.0684,0.0587,8.117668
0.0538,0.0489,0.0684,0.0587,0.0733,8.142628
0.0538,0.0831,0.1124,0.1417,0.0489,8.167588
0.0684,0.1026,0.0635,0.0538,0.0733,8.192548
0.0391,0.0978,0.0635,0.1026,0.0929,8.217508
0.044,0.0489,0.0391,0.0587,0.0831,8.241428
0.1026,0.0635,0.0929,0.0733,0.0782,8.264308
0.1075,0.0489,0.1466,0.1955,0.1515,8.289268
0.0489,0.1075,0.1417,0.0782,0.132,8.314228
0.0684,0.0635,0.0635,0.132,0.1515,8.339188
0.088,0.0635,0.0635,0.1466,0.0635,8.364148
0.1124,0.0635,0.044,0.0538,0.132,8.389108
0.0489,0.0929,0.0733,0.0635,0.0929,8.413028
0.0587,0.044,0.044,0.0489,0.0587,8.437988
0.0538,0.0684,0.044,0.0489,0.0635,8.460868
0.0733,0.0733,0.0831,0.0684,0.0391,8.484788
0.0489,0.0489,0.0635,0.0782,0.1124,8.508708
0.0489,0.0635,0.0831,0.0391,0.0733,8.533668
0.1026,0.044,0.0831,0.0489,0.0684,8.557588
0.044,0.088,0.1124,0.0538,0.0587,8.581508
0.1515,0.0391,0.1075,0.044,0.1026,8.605428
0.0831,0.0391,0.044,0.1026,0.0782,8.628308
0.1466,0.1271,0.1369,0.088,0.0538,8.651188
0.0587,0.0587,0.1026,0.0733,0.0587,8.676148
0.0733,0.0538,0.0587,0.0635,0.0489,8.701108
0.0489,0.0391,0.0929,0.0538,0.0929,8.726068
0.0782,0.1124,0.0635,0.0489,0.0538,8.749988
0.0635,0.0733,0.0538,0.0587,0.0733,8.774948
0.0733,0.0587,0.0538,0.1173,0.0978,8.799908
0.0587,0.0733,0.0391,0.0684,0.0635,8.824868
0.0489,0.0538,0.0538,0.1222,0.0538,8.848788
0.0635,0.088,0.0782,0.0831,0.1124,8.873748
0.1124,0.1271,0.0831,0.0782,0.0391,8.898708
0.0831,0.0489,0.0733,0.1075,0.0635,8.922628
0.0684,0.0635,0.1613,0.0782,0.044,8.947588
0.1955,0.0489,0.0391,0.132,0.1222,8.971508
0.2151,0.1222,0.1515,0.088,0.259,8.995428
0.0391,0.1564,0.176,0.0635,0.0587,9.020388
0.0782,0.0733,0.0587,0.0733,0.0587,9.044308
0.0831,0.0831,0.1026,0.0635,0.0635,9.069268
0.0635,0.0831,0.0831,0.0587,0.088,9.094228
0.0831,0.0733,0.0782,0.0733,0.0929,9.119188
0.0489,0.0587,0.0635,0.0587,0.0538,9.144148
0.0587,0.0489,0.0538,0.0587,0.0587,9.169108
0.0489,0.1026,0.088,0.1222,0.1124,9.194068
0.1124,0.0587,0.088,0.1173,0.1808,9.219028
0.1711,0.0831,0.1222,0.1515,0.0929,9.243988
0.0391,0.0831,0.0782,0.0635,0.0587,9.268948
0.132,0.1124,0.0733,0.0929,0.0635,9.292868
0.0489,0.0831,0.1613,0.0635,0.1955,9.317828
0.088,0.0391,0.0538,0.0489,0.0782,9.342788
0.0733,0.0587,0.0978,0.0733,0.0489,9.366708
0.0489,0.0782,0.0733,0.0733,0.0538,9.391668
0.044,0.0733,0.0587,0.0831,0.0391,9.416628
0.044,0.0733,0.044,0.0489,0.044,9.439508
0.0684,0.0587,0.0489,0.0929,0.0831,9.461348
0.1026,0.0782,0.0587,0.0782,0.0733,9.486308
0.0684,0.044,0.0733,0.0489,0.0196,9.511268
0.0733,0.044,0.0587,0.0782,0.0782,9.534148
0.044,0.0489,0.0489,0.0538,0.0293,9.558068
0.0489,0.0391,0.044,0.044,0.0391,9.580948
0.0391,0.0391,0.044,0.0391,0.044,9.601748
0.0489,0.044,0.0391,0.0489,0.044,9.621512
0.0391,0.044,0.0391,0.0391,0.0391,9.643348
0.044,0.0489,0.044,0.044,0.0391,9.663108
0.044,0.0391,0.044,0.0391,0.0538,9.683908
0.044,0.0538,0.044,0.0489,0.044,9.704708
0.0489,0.088,0.0733,0.0391,0.0733,9.726548
0.1271,0.0489,0.1124,0.1564,0.1466,9.750468
0.1515,0.1026,0.1026,0.0635,0.0391,9.775428
0.132,0.0831,0.1515,0.0782,0.088,9.799348
0.0684,0.088,0.0782,0.1026,0.044,9.824308
0.0538,0.0587,0.0684,0.044,0.044,9.848228
0.0831,0.0684,0.0831,0.0587,0.0391,9.871108
0.044,0.0489,0.0733,0.0929,0.0635,9.895028
0.0538,0.044,0.0538,0.0489,0.0489,9.918948
0.0635,0.044,0.0538,0.0489,0.0587,9.942868
0.0587,0.0782,0.088,0.1271,0.0635,9.966788
0.1369,0.0489,0.1564,0.1515,0.0782,9.991748
0.1026,0.1173,0.2053,0.0978,0.1075,10.016708
0.088,0.1075,0.1564,0.0782,0.2102,10.042708
0.0733,0.132,0.0684,0.0635,0.1808,10.068708
0.044,0.0587,0.2542,0.1417,0.0782,10.094708
0.132,0.0929,0.0587,0.0733,0.044,10.119668
0.0782,0.0635,0.0929,0.0538,0.0831,10.144628
0.0538,0.0489,0.0489,0.0538,0.0391,10.170628
0.0538,0.0538,0.0538,0.0489,0.1173,10.195588
0.0929,0.0587,0.088,0.0782,0.0587,10.221588
0.0782,0.0391,0.044,0.044,0.044,10.247588
0.044,0.0782,0.1124,0.0733,0.0929,10.269428
0.0635,0.0489,0.1026,0.1026,0.0587,10.294388
0.0831,0.044,0.0489,0.0635,0.044,10.320388
0.0391,0.088,0.0391,0.0391,0.044,10.344308
0.0782,0.0489,0.0635,0.1271,0.2297,10.366148
0.1222,0.1124,0.0733,0.0635,0.1271,10.392148
0.2004,0.1026,0.0391,0.0587,0.1564,10.418148
0.0733,0.1026,0.0391,0.0782,0.0587,10.443108
0.0489,0.088,0.0489,0.0538,0.0489,10.468068
0.0782,0.0587,0.1466,0.0831,0.0782,10.494068
0.088,0.0782,0.0587,0.0489,0.0489,10.520068
0.0587,0.0391,0.0489,0.0391,0.044,10.546068
0.088,0.0635,0.088,0.0587,0.0489,10.568948
0.0391,0.1124,0.1026,0.0538,0.0489,10.594948
0.1955,0.0684,0.0929,0.2248,0.1075,10.619912
0.1564,0.1222,0.0587,0.1906,0.132,10.645908
0.088,0.0391,0.0831,0.0782,0.0929,10.671908
0.1906,0.0587,0.0831,0.0587,0.0587,10.696868
0.1369,0.0587,0.0929,0.0831,0.0684,10.722868
0.1124,0.0831,0.0733,0.0489,0.0831,10.748868
0.044,0.0635,0.044,0.044,0.044,10.774868
0.0684,0.0391,0.0733,0.0489,0.0929,10.796708
0.0538,0.0684,0.1026,0.1124,0.2151,10.821668
0.0635,0.0978,0.0733,0.0391,0.0978,10.847668
0.044,0.1026,0.0489,0.0831,0.0782,10.872628
0.0831,0.0635,0.0587,0.1466,0.1124,10.897588
0.0684,0.0391,0.1222,0.0733,0.1515,10.923588
0.044,0.0587,0.0929,0.0489,0.1564,10.948548
0.1075,0.1173,0.0489,0.0635,0.044,10.973508
0.0782,0.2102,0.1075,0.0782,0.0391,10.998468
0.1662,0.088,0.0587,0.1515,0.0391,11.023428
0.1124,0.2004,0.0782,0.0489,0.0635,11.048388
0.0538,0.0831,0.0587,0.0782,0.0684,11.074388
0.0831,0.1711,0.044,0.0587,0.1271,11.100388
0.044,0.044,0.0929,0.0538,0.0538,11.125348
0.0587,0.044,0.044,0.0635,0.0684,11.149268
0.0587,0.0782,0.1173,0.0489,0.0635,11.173188
0.0733,0.0782,0.1075,0.088,0.0782,11.199188
0.0782,0.1173,0.0635,0.0489,0.1515,11.225188
0.0391,0.088,0.1564,0.2884,0.1857,11.251188
0.1369,0.2102,0.1417,0.0782,0.1515,11.276148
0.1075,0.2102,0.1173,0.0391,0.0831,11.302148
0.0684,0.132,0.0587,0.0538,0.1124,11.327108
0.044,0.0684,0.0684,0.1564,0.132,11.353108
0.0782,0.0489,0.0489,0.0684,0.0733,11.378068
0.0538,0.0538,0.0684,0.0489,0.0684,11.404068
0.044,0.0489,0.044,0.1026,0.0587,11.430068
0.0978,0.0587,0.0391,0.0538,0.0635,11.453988
0.0978,0.0929,0.0635,0.2151,0.1515,11.478948
0.0733,0.1124,0.1124,0.0635,0.0929,11.504948
0.044,0.0733,0.0831,0.044,0.0733,11.530948
0.044,0.0587,0.0782,0.0587,0.1515,11.554868
0.0635,0.0587,0.1222,0.0831,0.0587,11.579828
0.1124,0.0929,0.0782,0.0831,0.1271,11.605828
0.1271,0.0635,0.132,0.0929,0.1271,11.631828
0.132,0.0587,0.0489,0.2053,0.2688,11.657828
0.0684,0.1271,0.0587,0.0587,0.0587,11.683828
0.044,0.0391,0.0391,0.0489,0.0538,11.709828
0.0929,0.0978,0.1222,0.0635,0.044,11.732708
0.0587,0.0538,0.0391,0.0635,0.0489,11.757668
0.0782,0.0782,0.0538,0.0929,0.0587,11.782628
0.0782,0.0635,0.0587,0.0782,0.0733,11.808628
0.0587,0.044,0.1026,0.0733,0.0587,11.834628
0.0929,0.0587,0.1075,0.1369,0.0684,11.859588
0.1026,0.1173,0.0684,0.1271,0.0831,11.885588
0.1515,0.0684,0.132,0.1564,0.0538,11.911588
0.1271,0.1515,0.0831,0.0489,0.088,11.937588
0.1026,0.044,0.0782,0.0929,0.1075,11.963588
0.1222,0.0489,0.1026,0.1222,0.0489,11.988548
0.1417,0.1026,0.0831,0.1271,0.088,12.014548
0.0733,0.0538,0.0782,0.0489,0.0489,12.040548
0.0391,0.044,0.044,0.0391,0.0489,12.066548
0.044,0.0635,0.044,0.044,0.0489,12.088388
0.0538,0.0635,0.0538,0.044,0.0489,12.111268
0.0587,0.0489,0.0538,0.0538,0.044,12.136228
0.088,0.088,0.1026,0.0782,0.0635,12.161188
0.0733,0.132,0.0733,0.0391,0.0489,12.187188
0.0733,0.0587,0.0391,0.0684,0.0733,12.212148
0.0831,0.0587,0.0587,0.0391,0.0831,12.237108
0.0391,0.088,0.1026,0.0489,0.132,12.262068
0.132,0.1564,0.1515,0.0684,0.0587,12.287028
0.3079,0.1808,0.0782,0.2053,0.1711,12.313028
0.2395,0.1808,0.1173,0.2151,0.132,12.339028
0.0929,0.1222,0.0782,0.0929,0.0635,12.365028
0.0831,0.0538,0.0342,0.0538,0.0929,12.391028
0.0929,0.044,0.0684,0.1271,0.0733,12.415988
0.0538,0.0293,0.0831,0.044,0.0538,12.440948
0.0587,0.0538,0.0489,0.0489,0.044,12.464868
0.044,0.0587,0.0391,0.0489,0.0391,12.489828
0.0391,0.044,0.0538,0.044,0.0635,12.512708
0.044,0.044,0.044,0.0635,0.0635,12.535588
0.0684,0.088,0.0782,0.0733,0.0782,12.558468
0.0929,0.0489,0.2199,0.0831,0.088,12.584468
0.0489,0.0391,0.044,0.0489,0.0342,12.610468
0.0538,0.0391,0.044,0.0538,0.044,12.633348
0.044,0.0538,0.0831,0.0684,0.0733,12.656228
0.0538,0.0538,0.0391,0.0489,0.0635,12.681188
0.0929,0.0538,0.0733,0.0733,0.088,12.706148
0.0831,0.0684,0.0684,0.088,0.044,12.732148
0.1222,0.088,0.0684,0.0733,0.1711,12.757108
0.088,0.0831,0.1075,0.0489,0.0831,12.783108
0.1417,0.0929,0.088,0.0635,0.1124,12.809108
0.044,0.0489,0.0733,0.044,0.044,12.835108
0.0538,0.0684,0.044,0.0538,0.0489,12.857988
0.0782,0.0538,0.0587,0.0831,0.0929,12.882952
0.0587,0.0538,0.0733,0.0489,0.0489,12.908948
0.044,0.044,0.044,0.0587,0.0538,12.934948
0.0391,0.044,0.0538,0.044,0.0587,12.957828
0.044,0.0489,0.0635,0.0489,0.044,12.980708
0.0391,0.1026,0.0782,0.1173,0.1613,13.004628
0.0978,0.1417,0.1564,0.1711,0.1222,13.029588
0.132,0.1662,0.1124,0.132,0.088,13.055588
0.0684,0.1222,0.0782,0.1808,0.0538,13.081588
0.1222,0.1026,0.0391,0.044,0.0391,13.107588
0.1271,0.0635,0.1026,0.0635,0.0587,13.130468
0.0635,0.0587,0.0635,0.0489,0.0635,13.156468
0.044,0.0587,0.0587,0.044,0.0635,13.182468
0.0538,0.0733,0.044,0.0391,0.0733,13.206388
0.0489,0.044,0.088,0.0538,0.0538,13.230308
0.1613,0.044,0.132,0.0587,0.0587,13.255268
0.044,0.0489,0.0391,0.0538,0.0733,13.280228
0.0391,0.0635,0.044,0.0587,0.0733,13.304148
0.044,0.0489,0.0929,0.0489,0.044,13.328068
0.0391,0.0587,0.0489,0.0538,0.0489,13.351988
0.0733,0.0978,0.1026,0.1173,0.1222,13.376948
0.0538,0.1564,0.1173,0.0587,0.1222,13.402948
0.0684,0.0733,0.044,0.0782,0.044,13.428948
0.0489,0.1124,0.0538,0.0391,0.0782,13.452868
0.0733,0.044,0.0538,0.0489,0.0538,13.477828
0.0733,0.0733,0.0684,0.088,0.0733,13.502788
0.0684,0.0538,0.0587,0.1026,0.0831,13.528788
0.0782,0.0635,0.0538,0.0538,0.0733,13.554788
0.0489,0.0635,0.0929,0.0538,0.0489,13.580788
0.0538,0.0635,0.0733,0.0489,0.0489,13.606788
0.0587,0.0831,0.0929,0.0733,0.0538,13.632788
0.1222,0.0489,0.0929,0.0489,0.0684,13.658788
0.1173,0.1417,0.0635,0.1173,0.0489,13.684788
0.0538,0.0929,0.0684,0.0831,0.0391,13.710788
0.044,0.0782,0.0489,0.1026,0.044,13.735748
0.0978,0.0733,0.0391,0.1075,0.1124,13.759668
0.0538,0.0587,0.0391,0.0733,0.1075,13.784628
0.0587,0.0538,0.0684,0.044,0.044,13.809588
0.0489,0.044,0.0391,0.0489,0.0489,13.833508
0.0538,0.0635,0.0538,0.0489,0.0587,13.857428
0.044,0.0587,0.0635,0.0587,0.0635,13.883428
0.0587,0.0489,0.0391,0.0635,0.0978,13.908388
0.0587,0.0782,0.088,0.088,0.0538,13.933348
0.0831,0.0489,0.0782,0.0831,0.0733,13.959348
0.0587,0.0489,0.0831,0.0929,0.0684,13.985348
0.044,0.0684,0.0489,0.0587,0.044,14.011348
0.0978,0.044,0.0489,0.0391,0.0489,14.035268
0.0831,0.044,0.0538,0.1124,0.0831,14.059188
0.0831,0.0831,0.1222,0.0391,0.044,14.084148
0.0782,0.0391,0.0782,0.0831,0.0929,14.108068
0.0538,0.0978,0.0831,0.0684,0.0538,14.133028
0.0831,0.0587,0.0587,0.0489,0.0391,14.159028
0.0635,0.1075,0.0684,0.0978,0.0831,14.183988
0.0733,0.0587,0.0733,0.0978,0.088,14.209988
0.0733,0.0391,0.0635,0.0538,0.0684,14.235988
0.0489,0.0635,0.0635,0.0587,0.044,14.260948
0.0489,0.0635,0.0831,0.0587,0.044,14.285908
0.0684,0.0489,0.0489,0.0782,0.0684,14.310868
0.0831,0.088,0.1026,0.0929,0.088,14.336868
0.0635,0.0733,0.1075,0.0538,0.0929,14.362868
0.088,0.1026,0.0635,0.0684,0.088,14.388868
0.0635,0.0684,0.0538,0.0489,0.0587,14.414868
0.044,0.0391,0.0391,0.0391,0.0538,14.440868
0.0684,0.0684,0.0538,0.0391,0.0587,14.462708
0.0489,0.0391,0.0489,0.0391,0.0538,14.487668
0.044,0.044,0.0587,0.0391,0.044,14.511588
0.0538,0.0391,0.044,0.0489,0.0489,14.533428
0.044,0.0489,0.0391,0.0489,0.0587,14.557348
0.0587,0.0782,0.0684,0.088,0.0635,14.581268
0.2102,0.0538,0.0978,0.0587,0.0391,14.607268
0.1026,0.0587,0.0684,0.1026,0.044,14.632228
0.0831,0.0635,0.0831,0.0733,0.0929,14.657188
0.0635,0.1026,0.0978,0.0489,0.0635,14.683188
0.0831,0.0391,0.0489,0.0635,0.088,14.709188
0.0391,0.1124,0.0391,0.0831,0.044,14.734148
0.0489,0.0978,0.0538,0.0831,0.0782,14.757028
0.0489,0.1124,0.0293,0.0929,0.1906,14.783028
0.0489,0.0538,0.044,0.0635,0.0782,14.807988
0.0538,0.0489,0.0391,0.0391,0.0538,14.832948
0.0733,0.0391,0.0831,0.0538,0.0831,14.856868
0.0587,0.0733,0.0391,0.044,0.0587,14.881828
0.0538,0.044,0.0391,0.0342,0.0489,14.905748
0.0684,0.0489,0.0391,0.0587,0.0538,14.928628
0.0587,0.0635,0.0587,0.0684,0.0489,14.953588
0.0929,0.0733,0.0587,0.0635,0.0684,14.979588
0.1515,0.0978,0.1466,0.0733,0.0831,15.005588
0.0587,0.0684,0.0782,0.0831,0.2053,15.031588
0.1026,0.0489,0.0587,0.1222,0.0538,15.057588
0.0684,0.0391,0.1026,0.1124,0.0929,15.083588
0.044,0.0635,0.1124,0.0587,0.044,15.108548
0.1369,0.0684,0.044,0.0635,0.0587,15.132468
0.0538,0.0391,0.0538,0.0587,0.0391,15.157428
0.044,0.0587,0.044,0.0635,0.044,15.181348
0.044,0.044,0.0342,0.0391,0.0391,15.204228
0.0391,0.044,0.0489,0.0391,0.0538,15.225028
0.0489,0.0489,0.044,0.044,0.044,15.247908
0.044,0.044,0.0391,0.0587,0.2004,15.270788
0.0782,0.044,0.1173,0.0831,0.0733,15.293668
0.0929,0.0635,0.1173,0.0391,0.044,15.318628
0.0733,0.0293,0.0929,0.0782,0.0831,15.342548
0.0684,0.0782,0.0391,0.044,0.0733,15.367508
0.0782,0.0587,0.0587,0.1515,0.0929,15.391428
0.0733,0.1271,0.0391,0.1808,0.0831,15.417428
0.0684,0.0587,0.044,0.0391,0.088,15.442388
0.0391,0.044,0.0978,0.1515,0.0929,15.466308
0.0929,0.044,0.2004,0.044,0.0538,15.490228
0.0587,0.0538,0.0782,0.0587,0.0538,15.514148
0.0587,0.0391,0.0587,0.0635,0.0587,15.540148
0.0538,0.0684,0.0391,0.0733,0.0635,15.565108
0.0831,0.0391,0.0391,0.0587,0.044,15.590068
0.0684,0.0391,0.044,0.044,0.0489,15.612948
0.0538,0.044,0.0538,0.044,0.0489,15.635828
0.0733,0.0733,0.0635,0.044,0.044,15.659748
0.044,0.1124,0.0489,0.1906,0.0782,15.683668
0.1026,0.0587,0.1515,0.0929,0.1222,15.708628
0.088,0.0684,0.1369,0.0489,0.1026,15.734628
0.0782,0.0733,0.1173,0.0782,0.1222,15.760628
0.088,0.1075,0.0635,0.0929,0.1369,15.786628
0.0391,0.0587,0.0538,0.1075,0.0587,15.812628
0.0831,0.0733,0.0391,0.0831,0.0684,15.837588
0.0684,0.0391,0.0733,0.0538,0.0587,15.862548
0.0489,0.0391,0.044,0.0489,0.0733,15.887508
0.044,0.044,0.0489,0.0489,0.044,15.911428
0.0489,0.0538,0.0489,0.0489,0.0342,15.934308
0.0538,0.0538,0.0635,0.0782,0.1173,15.959268
0.0391,0.0929,0.0684,0.1026,0.0489,15.985268
0.088,0.088,0.1026,0.044,0.0782,16.010228
0.0587,0.1173,0.0538,0.0929,0.0635,16.035188
0.0684,0.0538,0.1075,0.0538,0.0929,16.061188
0.0635,0.1417,0.0489,0.1124,0.0635,16.087188
0.0831,0.044,0.0733,0.1808,0.0978,16.113188
0.0587,0.1515,0.0733,0.1222,0.1075,16.138148
0.1711,0.0929,0.044,0.0391,0.1222,16.164148
0.0684,0.1124,0.0391,0.0684,0.0489,16.188068
0.0538,0.0538,0.0587,0.0538,0.0831,16.213028
0.0782,0.0684,0.0831,0.0587,0.0831,16.239028
0.0733,0.0929,0.0929,0.0489,0.0538,16.265028
0.0587,0.088,0.0538,0.0635,0.0782,16.291028
0.0489,0.0538,0.0391,0.0489,0.0489,16.317028
0.0587,0.0391,0.0489,0.044,0.044,16.341988
0.0733,0.1173,0.1271,0.1124,0.1955,16.364868
0.1075,0.1417,0.1271,0.1808,0.1515,16.390868
0.0635,0.176,0.132,0.0733,0.1466,16.416868
0.2102,0.088,0.132,0.0978,0.1173,16.442868
0.0831,0.0929,0.0489,0.1124,0.1369,16.468868
0.0587,0.0635,0.0538,0.0538,0.0538,16.494868
0.1075,0.0831,0.0733,0.0489,0.1026,16.520868
0.0782,0.0684,0.088,0.0831,0.0635,16.546868
0.0782,0.0587,0.044,0.0635,0.0538,16.572868
0.044,0.0733,0.0635,0.0587,0.0489,16.597828
0.0391,0.0489,0.0587,0.0538,0.0684,16.622788
0.0831,0.0831,0.0635,0.0391,0.0587,16.647748
0.1564,0.0684,0.088,0.044,0.0587,16.672708
0.1222,0.0684,0.1026,0.0489,0.0391,16.697668
0.0684,0.0538,0.0538,0.132,0.0538,16.722628
0.0733,0.0635,0.0929,0.0635,0.0391,16.748628
0.0587,0.0587,0.0684,0.0929,0.1222,16.773588
0.0587,0.1515,0.3275,0.0635,0.1808,16.799588
0.0635,0.0587,0.2297,0.0587,0.1515,16.825588
0.0782,0.0733,0.1124,0.1417,0.1417,16.851588
0.088,0.0782,0.0587,0.0635,0.088,16.877588
0.0831,0.0635,0.0684,0.0733,0.044,16.903588
0.132,0.088,0.0635,0.0929,0.0538,16.928548
0.0684,0.044,0.0538,0.0684,0.0489,16.954548
0.0391,0.0489,0.044,0.0587,0.0391,16.979508
0.0978,0.0587,0.0587,0.0684,0.0684,17.002388
0.0489,0.0587,0.0978,0.2004,0.2102,17.028388
0.0929,0.0684,0.0684,0.1222,0.0684,17.054388
0.0538,0.1173,0.0587,0.0587,0.0733,17.080388
0.0782,0.2688,0.088,0.0684,0.1515,17.106388
0.132,0.0831,0.0635,0.0831,0.0684,17.132388
0.0929,0.1222,0.1515,0.1173,0.0782,17.158388
0.1124,0.088,0.0684,0.0782,0.1026,17.184388
0.0635,0.0489,0.0635,0.0684,0.0831,17.210388
0.044,0.0538,0.0587,0.0391,0.0391,17.236388
0.0538,0.0391,0.0635,0.0538,0.0733,17.259268
0.0538,0.0489,0.0489,0.0391,0.0538,17.284228
0.0635,0.0587,0.044,0.0538,0.0782,17.309188
0.0978,0.1222,0.1222,0.0587,0.0635,17.334148
0.0489,0.0782,0.0733,0.0489,0.0635,17.360148
0.0978,0.044,0.0391,0.0733,0.0489,17.386148
0.0978,0.0782,0.0391,0.0733,0.0733,17.410068
0.0635,0.088,0.0684,0.0782,0.0538,17.435028
0.1271,0.1222,0.1662,0.0587,0.0489,17.461028
0.1026,0.1906,0.176,0.1564,0.0929,17.487028
0.1271,0.132,0.1613,0.1417,0.1417,17.513028
0.0782,0.0587,0.0831,0.088,0.0635,17.539028
0.0587,0.0587,0.0733,0.0978,0.0538,17.565028
0.0929,0.0733,0.0733,0.1124,0.0587,17.591028
0.0489,0.0489,0.0635,0.044,0.0635,17.617028
0.0587,0.0391,0.0391,0.044,0.0489,17.641988
0.0538,0.0391,0.044,0.0391,0.044,17.664868
0.0635,0.0733,0.0489,0.0684,0.0489,17.686708
0.0782,0.0978,0.1026,0.0782,0.1369,17.712708
0.044,0.1271,0.1906,0.0489,0.1857,17.738708
0.1808,0.044,0.0782,0.0733,0.0587,17.763668
0.0635,0.0587,0.0684,0.0782,0.1564,17.788628
0.1026,0.0929,0.0782,0.044,0.176,17.814628
0.0587,0.1075,0.1564,0.2004,0.0587,17.839588
0.0538,0.0684,0.0538,0.0587,0.0831,17.865588
0.0782,0.0635,0.0684,0.0929,0.0538,17.891588
0.0538,0.0782,0.0538,0.0635,0.0489,17.917588
0.044,0.044,0.0538,0.0489,0.0587,17.943588
0.0684,0.0733,0.0929,0.0587,0.0587,17.967508
0.0831,0.1222,0.0489,0.0733,0.0684,17.993508
0.1222,0.132,0.0733,0.0391,0.0782,18.019508
0.0684,0.0635,0.0635,0.0391,0.0635,18.044468
0.0733,0.0391,0.1026,0.0391,0.0929,18.069428
0.044,0.044,0.0391,0.0391,0.044,18.093348
0.044,0.0391,0.044,0.0391,0.0391,18.114148
0.0391,0.0538,0.0391,0.0391,0.0391,18.134948
0.0538,0.0391,0.0489,0.0391,0.0391,18.156788
0.044,0.044,0.0391,0.044,0.044,18.179668
0.044,0.0391,0.0538,0.0489,0.0489,18.200468
0.044,0.0684,0.0391,0.1222,0.0733,18.224388
0.1271,0.1222,0.0587,0.0538,0.0782,18.248308
0.0978,0.1124,0.0929,0.0978,0.1222,18.274312
0.1026,0.0587,0.0782,0.0587,0.0978,18.300308
0.044,0.0684,0.0538,0.0489,0.0782,18.326308
0.0635,0.0684,0.044,0.0538,0.044,18.351268
0.0587,0.0489,0.088,0.0684,0.0391,18.375188
0.0538,0.0587,0.0635,0.044,0.0391,18.400148
0.044,0.0489,0.0538,0.044,0.044,18.424068
0.0489,0.0489,0.044,0.0538,0.0635,18.446948
0.0831,0.0489,0.0587,0.0538,0.0391,18.471908
0.0978,0.1417,0.0831,0.0538,0.0391,18.496868
0.132,0.1662,0.0587,0.0391,0.0978,18.521828
0.1173,0.1026,0.1124,0.0587,0.1075,18.546788
0.2493,0.1026,0.044,0.0587,0.1222,18.572788
0.0587,0.1515,0.1173,0.0489,0.1173,18.597748
0.1222,0.0391,0.1711,0.1711,0.1906,18.623748
0.0635,0.0538,0.0978,0.0391,0.0684,18.648708
0.0489,0.0587,0.0684,0.0489,0.0391,18.673672
0.044,0.0489,0.0587,0.0391,0.044,18.698628
0.132,0.1124,0.0587,0.1026,0.0733,18.721508
0.1026,0.0733,0.0782,0.0538,0.1026,18.747508
0.0391,0.0684,0.0587,0.044,0.0391,18.773508
0.0733,0.0733,0.0733,0.0684,0.1124,18.796388
0.0929,0.0635,0.044,0.0587,0.088,18.822388
0.0782,0.1075,0.1711,0.2297,0.0196,18.847348
0.0782,0.0733,0.1271,0.0391,0.0489,18.872308
0.0831,0.0782,0.0587,0.0684,0.132,18.897268
0.1515,0.0489,0.1271,0.088,0.1515,18.923268
0.0978,0.0782,0.088,0.1173,0.0489,18.949268
0.0929,0.0831,0.088,0.1124,0.1173,18.975268
0.044,0.0587,0.0538,0.0391,0.088,19.001268
0.0831,0.0782,0.0489,0.0587,0.044,19.025188
0.0635,0.0538,0.044,0.0538,0.0635,19.050148
0.0733,0.0587,0.0684,0.0831,0.0635,19.075108
0.0782,0.0831,0.132,0.0489,0.0538,19.101108
0.0782,0.1515,0.2151,0.1857,0.0391,19.127108
0.2199,0.1124,0.0782,0.0635,0.044,19.152068
0.0489,0.0391,0.044,0.1369,0.0635,19.177028
0.1173,0.0538,0.2004,0.1515,0.044,19.200948
0.1906,0.0587,0.044,0.0782,0.0684,19.225908
0.044,0.0489,0.1417,0.0635,0.1173,19.250868
0.0684,0.0391,0.0831,0.0831,0.088,19.275828
0.044,0.044,0.0782,0.0782,0.088,19.300788
0.0635,0.0489,0.0733,0.0929,0.0782,19.324708
0.0831,0.2786,0.088,0.1808,0.0978,19.350708
0.0978,0.0587,0.0684,0.0733,0.0733,19.376708
0.0733,0.0391,0.0391,0.0635,0.0342,19.402708
0.088,0.1026,0.0684,0.0538,0.0831,19.425588
0.0635,0.0733,0.0635,0.0391,0.0733,19.451588
0.0489,0.1515,0.0587,0.1808,0.1613,19.476548
0.0684,0.0391,0.1515,0.0391,0.2199,19.502548
0.0391,0.1662,0.0391,0.0489,0.1417,19.526468
0.1222,0.0978,0.0978,0.132,0.1662,19.550388
0.088,0.0782,0.044,0.0831,0.044,19.576388
0.0489,0.0684,0.0831,0.0489,0.1075,19.600308
0.1026,0.1075,0.0831,0.0587,0.1124,19.626308
0.0684,0.0538,0.0929,0.0733,0.0391,19.652308
0.0831,0.0538,0.044,0.0489,0.0782,19.677268
0.1075,0.0978,0.0684,0.0684,0.0929,19.702228
0.0684,0.088,0.0831,0.044,0.0782,19.728228
0.1613,0.1417,0.2102,0.1417,0.1173,19.753188
0.1564,0.1417,0.0635,0.0978,0.1662,19.779188
0.044,0.0782,0.1173,0.0489,0.1808,19.805192
0.0391,0.2297,0.1173,0.0635,0.1075,19.830148
0.132,0.0782,0.1173,0.0733,0.0782,19.855108
0.0538,0.044,0.0684,0.0538,0.0635,19.881108
0.1124,0.0782,0.044,0.0831,0.044,19.906068
0.0635,0.0489,0.044,0.0831,0.0538,19.929988
0.0733,0.0489,0.0391,0.0929,0.0635,19.954948
0.0635,0.0538,0.0538,0.044,0.0587,19.979908
0.0587,0.0782,0.0489,0.1515,0.0929,20.004872
0.0635,0.0831,0.0587,0.0587,0.0929,20.030868
0.0391,0.1222,0.0978,0.0635,0.0391,20.056868
0.0587,0.0831,0.0733,0.0782,0.0831,20.080788
0.044,0.0538,0.132,0.1271,0.0978,20.106788
0.0684,0.0831,0.132,0.044,0.1417,20.131748
0.259,0.0489,0.1906,0.0587,0.0782,20.156708
0.2102,0.1271,0.044,0.0929,0.0782,20.182708
0.0489,0.0831,0.0831,0.044,0.0929,20.207668
0.0391,0.0538,0.0538,0.1124,0.1075,20.232628
0.088,0.0538,0.1222,0.0635,0.044,20.257588
0.1124,0.0929,0.0635,0.0538,0.0587,20.282548
0.0635,0.0391,0.0733,0.0538,0.0733,20.308548
0.0929,0.0782,0.0391,0.0684,0.088,20.333508
0.0538,0.0587,0.0782,0.1515,0.0929,20.358468
0.0635,0.0684,0.0782,0.1662,0.0831,20.384468
0.1026,0.1466,0.0782,0.0391,0.132,20.410468
0.0635,0.0978,0.0538,0.1808,0.0831,20.435428
0.0684,0.0391,0.0978,0.1271,0.1026,20.461428
0.0782,0.0978,0.0635,0.0489,0.0587,20.486388
0.132,0.0489,0.0635,0.1026,0.1564,20.512388
0.0489,0.1417,0.0635,0.0391,0.0733,20.538388
0.044,0.0391,0.0733,0.0391,0.0733,20.563348
0.0587,0.0391,0.044,0.0489,0.0635,20.586228
0.0538,0.044,0.044,0.0489,0.0587,20.610148
0.044,0.0538,0.0391,0.044,0.0538,20.634068
0.0538,0.0538,0.1466,0.3324,0.2444,20.656948
0.1613,0.1026,0.044,0.0391,0.0635,20.682948
0.1026,0.0635,0.0684,0.0635,0.0929,20.706868
0.132,0.0538,0.0489,0.0733,0.0684,20.732868
0.0831,0.1515,0.1662,0.0489,0.1564,20.758868
0.0391,0.0733,0.1711,0.1222,0.0782,20.784868
0.1222,0.1271,0.1906,0.1417,0.1515,20.809828
0.2151,0.0538,0.0929,0.0831,0.0782,20.835828
0.0391,0.0831,0.0782,0.132,0.0587,20.861828
0.0587,0.0489,0.0635,0.0635,0.0538,20.886788
0.0489,0.0684,0.044,0.1026,0.0733,20.912788
0.1173,0.0831,0.0684,0.044,0.0489,20.937748
0.0782,0.0635,0.0538,0.0587,0.0489,20.962708
0.0538,0.0635,0.0489,0.044,0.044,20.988708
0.0538,0.0391,0.0489,0.0489,0.0489,21.012628
0.0538,0.044,0.0538,0.044,0.0684,21.037588
0.0587,0.1075,0.1271,0.0733,0.0684,21.061508
0.0587,0.0684,0.0978,0.1417,0.044,21.087508
0.044,0.0831,0.0391,0.0635,0.044,21.112468
0.044,0.044,0.0391,0.0391,0.0733,21.135348
0.0733,0.0489,0.0538,0.0391,0.0733,21.157188
0.0391,0.0391,0.0538,0.0538,0.0538,21.182148
0.0538,0.0587,0.0489,0.0538,0.0733,21.206068
0.0538,0.0587,0.088,0.0538,0.0587,21.232068
0.044,0.1075,0.0684,0.0733,0.0733,21.258068
0.1417,0.044,0.0782,0.0635,0.0587,21.283028
0.0733,0.0929,0.0978,0.044,0.0929,21.307988
0.0684,0.0391,0.044,0.0635,0.0489,21.332948
0.0538,0.0831,0.0733,0.044,0.0538,21.356868
0.0538,0.0538,0.0929,0.0538,0.0489,21.381828
0.044,0.0489,0.044,0.0391,0.0538,21.407828
0.0538,0.0538,0.0587,0.0538,0.044,21.430708
0.0538,0.0635,0.0391,0.0733,0.044,21.455668
0.0733,0.0587,0.0587,0.088,0.0489,21.479588
0.1026,0.1515,0.0782,0.132,0.0782,21.505588
0.0929,0.1662,0.1515,0.0929,0.0978,21.531588
0.0929,0.1173,0.0635,0.0489,0.0684,21.557588
0.1124,0.1515,0.0733,0.0782,0.0782,21.583588
0.044,0.088,0.0635,0.0635,0.0782,21.609588
0.0538,0.0831,0.1711,0.1173,0.088,21.634548
0.0587,0.0538,0.0391,0.0391,0.0733,21.660548
0.0391,0.044,0.0587,0.0489,0.0538,21.684468
0.0635,0.044,0.0733,0.0489,0.0635,21.708388
0.0538,0.0391,0.0635,0.0538,0.0587,21.733348
0.1222,0.0831,0.0538,0.1026,0.0782,21.758308
0.0635,0.0635,0.0684,0.088,0.0489,21.784308
0.0733,0.0538,0.0929,0.0587,0.0538,21.810308
0.0391,0.0538,0.0733,0.0635,0.044,21.836308
0.0391,0.0831,0.088,0.044,0.0635,21.860228
0.0391,0.0635,0.0391,0.0733,0.0635,21.884148
0.1124,0.0929,0.0538,0.0489,0.0391,21.908068
0.0978,0.1417,0.1124,0.0538,0.0782,21.933028
0.0538,0.0635,0.088,0.0635,0.0733,21.959028
0.0635,0.0929,0.0587,0.0489,0.0538,21.985028
0.0635,0.088,0.1124,0.0831,0.0831,22.011028
0.0684,0.0684,0.0587,0.0733,0.1222,22.037028
0.0831,0.0489,0.0538,0.044,0.0733,22.063028
0.088,0.0587,0.0587,0.0733,0.0391,22.087988
0.0538,0.0489,0.0587,0.0391,0.0733,22.112948
0.0635,0.0733,0.0684,0.1124,0.0831,22.137908
0.0733,0.0831,0.0929,0.1026,0.0587,22.163908
0.044,0.0587,0.0391,0.088,0.1417,22.189908
0.0978,0.1417,0.0489,0.0538,0.0831,22.213828
0.0587,0.0929,0.0489,0.0635,0.044,22.239828
0.1173,0.0391,0.0978,0.0782,0.088,22.264788
0.1124,0.1124,0.0489,0.0489,0.1026,22.289748
0.0635,0.0587,0.0684,0.0635,0.0733,22.315748
0.0538,0.0489,0.044,0.0538,0.0684,22.341748
0.0538,0.0391,0.088,0.0929,0.0587,22.366708
0.0489,0.0489,0.0489,0.044,0.0587,22.391668
0.0489,0.0538,0.0538,0.0587,0.0635,22.416628
0.132,0.0733,0.0635,0.0684,0.0489,22.442628
0.1026,0.0929,0.044,0.0587,0.0489,22.468628
0.044,0.0635,0.0391,0.0391,0.0391,22.493588
0.044,0.0587,0.0733,0.0733,0.0489,22.515428
0.0733,0.0391,0.0538,0.0733,0.0929,22.540388
0.1808,0.0489,0.0782,0.0391,0.0733,22.565348
0.1026,0.0929,0.0391,0.0929,0.0391,22.590308
0.0489,0.088,0.1124,0.0782,0.1564,22.614228
0.0635,0.0684,0.0587,0.088,0.0733,22.640228
0.0733,0.1369,0.0978,0.0929,0.0978,22.666228
0.088,0.044,0.0733,0.1369,0.1124,22.692228
0.0587,0.0684,0.0684,0.0929,0.0587,22.717188
0.0538,0.0929,0.0489,0.044,0.0538,22.743188
0.0635,0.0489,0.0587,0.0489,0.0489,22.768148
0.0489,0.0538,0.0684,0.044,0.0489,22.794148
0.0489,0.0391,0.0538,0.0684,0.0538,22.819108
0.0831,0.0391,0.0831,0.0831,0.1222,22.844068
0.1711,0.1124,0.0489,0.0391,0.0538,22.869028
0.0782,0.0733,0.0391,0.0489,0.0782,22.893988
0.044,0.0929,0.0391,0.0391,0.0342,22.918948
0.0538,0.0684,0.0489,0.0391,0.1026,22.940788
0.0831,0.0587,0.0684,0.0587,0.0733,22.965748
0.0489,0.0391,0.088,0.044,0.0489,22.991748
0.0587,0.0538,0.0538,0.0342,0.0538,23.015668
0.0733,0.0587,0.088,0.0391,0.0733,23.040628
0.0635,0.0587,0.0489,0.0733,0.0831,23.065588
0.0831,0.0587,0.0538,0.044,0.0489,23.091588
0.2395,0.1124,0.0684,0.088,0.0635,23.116548
0.1026,0.0733,0.0489,0.044,0.1026,23.142548
0.0684,0.0538,0.0538,0.0489,0.0538,23.167508
0.0684,0.0489,0.0929,0.0733,0.1222,23.193508
0.0489,0.0635,0.088,0.0391,0.0831,23.219508
0.044,0.0587,0.0635,0.0587,0.0929,23.244468
0.1026,0.044,0.0733,0.0684,0.044,23.269428
0.0684,0.1075,0.0733,0.0587,0.2199,23.293348
0.088,0.0929,0.0831,0.0489,0.0489,23.319348
0.0635,0.0587,0.0391,0.044,0.0391,23.345348
0.0782,0.0587,0.0929,0.0587,0.1026,23.368228
0.0587,0.1026,0.0929,0.0587,0.0635,23.394228
0.1026,0.0782,0.044,0.0391,0.0635,23.420228
0.0587,0.0587,0.0635,0.044,0.0489,23.444148
0.0489,0.0489,0.0489,0.044,0.044,23.469108
0.0635,0.0929,0.0635,0.0635,0.0489,23.493028
0.1515,0.044,0.0733,0.0929,0.0733,23.519028
0.0489,0.088,0.0489,0.0587,0.0782,23.543988
0.0635,0.1026,0.0538,0.1271,0.1124,23.569988
0.044,0.0733,0.0635,0.0831,0.0733,23.595988
0.088,0.0635,0.0929,0.0831,0.0538,23.620948
0.0684,0.0489,0.044,0.0489,0.0733,23.646948
0.0635,0.0538,0.044,0.0635,0.0587,23.671908
0.044,0.0538,0.0391,0.0489,0.044,23.696868
0.044,0.044,0.044,0.0489,0.0489,23.719748
0.0635,0.0733,0.0587,0.0587,0.0684,23.742628
0.0684,0.0733,0.0831,0.0635,0.088,23.768628
0.1369,0.1662,0.1808,0.0587,0.132,23.794628
0.088,0.0489,0.0635,0.1075,0.0684,23.820628
0.0635,0.0684,0.1271,0.0587,0.0782,23.846628
0.0831,0.1222,0.0391,0.044,0.0929,23.872628
0.0929,0.044,0.0587,0.0391,0.0635,23.896548
0.2004,0.0587,0.1222,0.088,0.0538,23.920468
0.0489,0.1271,0.1222,0.1124,0.0782,23.946468
0.0587,0.0635,0.0538,0.1222,0.1417,23.972468
0.0489,0.1222,0.1124,0.088,0.0391,23.998472
0.044,0.0587,0.0538,0.0391,0.044,24.023428
0.044,0.044,0.044,0.044,0.0635,24.046308
0.0635,0.0489,0.044,0.0635,0.0587,24.068148
0.0489,0.0733,0.0929,0.044,0.0538,24.093108
0.0391,0.0733,0.0391,0.0538,0.0391,24.118068
0.0489,0.044,0.0391,0.044,0.0489,24.140948
0.0538,0.0635,0.0684,0.0733,0.0831,24.163828
0.1026,0.1026,0.0635,0.0684,0.1173,24.189828
0.0831,0.0587,0.1466,0.1075,0.1515,24.215828
0.0538,0.1026,0.0635,0.0587,0.0929,24.241828
0.1662,0.1515,0.088,0.0391,0.0831,24.267828
0.088,0.0587,0.1222,0.0538,0.0635,24.292788
0.0635,0.0929,0.0587,0.0587,0.1173,24.318788
0.0489,0.0929,0.0684,0.044,0.0929,24.344788
0.0489,0.0831,0.0684,0.0831,0.0391,24.369748
0.0635,0.0733,0.0684,0.044,0.0391,24.394708
0.0635,0.0587,0.044,0.0391,0.044,24.418628
0.0635,0.0391,0.0391,0.044,0.0635,24.441508
0.044,0.0684,0.0391,0.0635,0.0587,24.464392
0.3079,0.1515,0.0391,0.0538,0.0391,24.488308
0.0782,0.0733,0.0391,0.0782,0.0978,24.512228
0.1124,0.0831,0.0391,0.1124,0.0391,24.537188
0.1026,0.0831,0.0929,0.0684,0.1417,24.561108
0.0929,0.0587,0.0489,0.0489,0.1271,24.587108
0.0489,0.1906,0.1369,0.0391,0.0391,24.613108
0.1124,0.0929,0.1173,0.1124,0.1515,24.637028
0.0782,0.0831,0.0587,0.0391,0.1711,24.663028
0.0782,0.0733,0.1271,0.0489,0.0489,24.687988
0.0489,0.0831,0.0782,0.0684,0.0489,24.713988
0.1222,0.0782,0.0489,0.0391,0.0489,24.739988
0.0489,0.0733,0.0782,0.0587,0.0489,24.764948
0.0489,0.0831,0.0489,0.0684,0.0733,24.790948
0.0831,0.044,0.0782,0.0978,0.0684,24.816948
0.1124,0.1026,0.0489,0.0635,0.0929,24.841908
0.0635,0.1369,0.132,0.132,0.0587,24.867908
0.1515,0.1271,0.0635,0.1417,0.1026,24.893908
0.0587,0.176,0.1222,0.132,0.1173,24.919908
0.1124,0.0733,0.1662,0.1026,0.1026,24.945908
0.1417,0.0782,0.0831,0.0587,0.1417,24.971908
0.0391,0.0538,0.0391,0.1124,0.044,24.997908
0.0733,0.0489,0.0538,0.1075,0.1124,25.020788
0.132,0.0684,0.044,0.0733,0.0391,25.046788
0.0538,0.0538,0.0684,0.0733,0.0684,25.070708
0.0391,0.0489,0.0733,0.0635,0.0391,25.096708
0.044,0.044,0.0489,0.0489,0.044,25.120628
0.0831,0.044,0.0391,0.0391,0.0538,25.143508
0.0538,0.0538,0.044,0.0684,0.044,25.166388
0.0831,0.0635,0.0587,0.0782,0.0782,25.190308
0.0733,0.0782,0.0391,0.0587,0.0929,25.216308
0.0929,0.1173,0.0978,0.0831,0.0831,25.241268
0.0929,0.0635,0.0538,0.0782,0.1124,25.267268
0.1564,0.0782,0.088,0.0587,0.1711,25.293268
0.1711,0.132,0.176,0.1613,0.1124,25.319268
0.1808,0.0831,0.0831,0.0831,0.0489,25.345268
0.1369,0.0391,0.088,0.0684,0.0635,25.371268
0.0831,0.0782,0.0587,0.0587,0.0489,25.396232
0.0587,0.0635,0.0489,0.0538,0.0391,25.422228
0.0782,0.044,0.044,0.0391,0.0538,25.447188
0.044,0.0391,0.0489,0.0391,0.0489,25.470068
0.044,0.044,0.0489,0.044,0.0538,25.492948
0.0587,0.044,0.0538,0.0489,0.0489,25.515828
0.0733,0.0635,0.0831,0.1271,0.1417,25.540788
0.132,0.0538,0.0587,0.1222,0.132,25.566788
0.0635,0.0782,0.088,0.1515,0.1222,25.592788
0.0782,0.2102,0.0684,0.0587,0.1271,25.618788
0.1222,0.0538,0.0684,0.1173,0.132,25.644788
0.0733,0.0978,0.2297,0.0635,0.0587,25.670788
0.1026,0.1075,0.0733,0.0587,0.088,25.696788
0.0782,0.044,0.0587,0.0635,0.044,25.722788
0.0538,0.044,0.0489,0.0538,0.0489,25.746708
0.0489,0.0489,0.0489,0.0538,0.0489,25.771668
0.0538,0.0538,0.0391,0.0538,0.044,25.797668
0.044,0.044,0.0391,0.0538,0.0635,25.821588
0.0831,0.0782,0.0782,0.0684,0.0538,25.844468
0.0391,0.044,0.0733,0.0391,0.0782,25.870468
0.0733,0.0587,0.0635,0.1026,0.0635,25.893348
0.0978,0.0587,0.0782,0.0391,0.0929,25.919348
0.1515,0.1124,0.0929,0.0587,0.0733,25.944308
0.0782,0.1466,0.0489,0.3275,0.0831,25.970308
0.2688,0.1417,0.0538,0.0831,0.132,25.996308
0.132,0.2688,0.2102,0.2346,0.1515,26.022308
0.1515,0.0929,0.0831,0.1026,0.0684,26.048308
0.0684,0.044,0.0978,0.0538,0.0684,26.074308
0.0489,0.0733,0.0587,0.0782,0.0831,26.099268
0.0489,0.088,0.0929,0.0391,0.0538,26.125268
0.0391,0.0538,0.044,0.044,0.044,26.150228
0.0635,0.0391,0.0538,0.0538,0.0489,26.172068
0.0587,0.0831,0.0635,0.0391,0.044,26.197028
0.0929,0.0635,0.0587,0.1222,0.1124,26.220948
0.0489,0.0391,0.044,0.1369,0.1613,26.246948
0.0489,0.0684,0.1222,0.0733,0.0684,26.270868
0.1026,0.0489,0.0929,0.0538,0.0978,26.296868
0.132,0.0733,0.1515,0.0391,0.0684,26.322868
0.0978,0.1515,0.0831,0.0782,0.1564,26.347828
0.0635,0.044,0.0733,0.0684,0.044,26.373828
0.0587,0.0635,0.0782,0.0587,0.0733,26.397748
0.0538,0.0538,0.044,0.0684,0.0635,26.423748
0.0489,0.044,0.0635,0.0538,0.0489,26.448708
0.0538,0.044,0.044,0.088,0.0587,26.473668
0.0391,0.1124,0.0831,0.0635,0.0489,26.497588
0.0538,0.0489,0.0489,0.044,0.088,26.522548
0.0489,0.0684,0.0489,0.0391,0.0587,26.547508
0.1271,0.1026,0.0684,0.0733,0.0293,26.572468
0.0587,0.044,0.044,0.0391,0.044,26.597428
0.0538,0.0489,0.0391,0.0538,0.0587,26.619268
0.0538,0.0391,0.044,0.0391,0.0489,26.644228
0.0831,0.0489,0.0684,0.0538,0.0538,26.667108
0.0733,0.0391,0.0489,0.0342,0.044,26.693108
0.044,0.0538,0.0391,0.0391,0.0489,26.715988
0.0489,0.0782,0.1222,0.1222,0.0489,26.738868
0.1026,0.0831,0.0782,0.0391,0.0587,26.764868
0.0391,0.1173,0.0782,0.1222,0.1564,26.789828
0.044,0.1369,0.0391,0.0782,0.0733,26.814788
0.0929,0.088,0.044,0.044,0.0489,26.838708
0.0635,0.0538,0.0684,0.0342,0.0635,26.862628
0.0635,0.0489,0.0587,0.0391,0.0587,26.887588
0.044,0.0635,0.0538,0.0587,0.0489,26.912548
0.0538,0.044,0.0489,0.0587,0.0538,26.937508
0.0635,0.0538,0.0538,0.0587,0.0391,26.962468
0.0489,0.1124,0.1711,0.1417,0.1222,26.987428
0.0391,0.0782,0.0489,0.088,0.2688,27.013428
0.1417,0.1417,0.1417,0.2151,0.0782,27.038388
0.1613,0.1222,0.1515,0.1026,0.088,27.064388
0.0635,0.0587,0.0782,0.0635,0.0587,27.090388
0.0831,0.0733,0.0587,0.1173,0.0635,27.116388
0.1564,0.1711,0.1222,0.044,0.044,27.142388
0.1026,0.044,0.0635,0.044,0.0733,27.166308
0.044,0.0684,0.0635,0.0391,0.0538,27.190228
0.0489,0.0587,0.044,0.044,0.044,27.214148
0.044,0.0733,0.0587,0.1222,0.0831,27.237028
0.044,0.044,0.0489,0.0293,0.0782,27.261988
0.0538,0.0831,0.088,0.0684,0.0831,27.284868
0.0635,0.0831,0.1075,0.0782,0.0831,27.310868
0.0978,0.0538,0.0782,0.0733,0.0635,27.336868
0.088,0.2199,0.1906,0.1271,0.0489,27.362868
0.1466,0.1124,0.0831,0.1906,0.0635,27.388868
0.2297,0.0929,0.1222,0.1075,0.1173,27.414868
0.1711,0.0587,0.1808,0.088,0.1222,27.440868
0.0782,0.0587,0.0929,0.0831,0.0538,27.466868
0.0489,0.0538,0.0391,0.044,0.0538,27.492868
0.0489,0.0587,0.0538,0.0684,0.0538,27.516788
0.0635,0.0489,0.0635,0.044,0.0391,27.542788
0.0587,0.0587,0.044,0.044,0.0635,27.566708
0.0831,0.0635,0.0538,0.0587,0.0733,27.590628
0.1222,0.088,0.1222,0.1026,0.1515,27.616628
0.2297,0.1808,0.1417,0.1515,0.2493,27.642628
0.1711,0.0684,0.132,0.1173,0.0489,27.668628
0.0391,0.1075,0.0391,0.1515,0.1711,27.694628
0.1026,0.1075,0.0831,0.132,0.0635,27.718548
0.1711,0.0782,0.1173,0.0587,0.0684,27.744548
0.0391,0.0684,0.0587,0.0929,0.1271,27.770548
0.0635,0.0733,0.0684,0.0538,0.0489,27.795508
0.0733,0.0782,0.0684,0.0489,0.044,27.821508
0.0635,0.0831,0.0684,0.1515,0.1662,27.846468
0.0733,0.044,0.0733,0.0782,0.088,27.872468
0.0587,0.0489,0.0929,0.0538,0.0489,27.897428
0.044,0.0489,0.0782,0.0733,0.0391,27.923428
0.0391,0.0684,0.0635,0.0733,0.1173,27.947348
0.0733,0.0538,0.1515,0.0831,0.044,27.972308
0.1466,0.0782,0.1417,0.0684,0.0587,27.997268
0.0635,0.0489,0.1222,0.2053,0.0489,28.023268
0.2102,0.0587,0.0391,0.132,0.1369,28.049268
0.0978,0.1613,0.1173,0.0684,0.0489,28.074228
0.0587,0.0684,0.0929,0.0635,0.0489,28.100228
0.1271,0.1662,0.0978,0.0782,0.0929,28.126228
0.0929,0.0489,0.0733,0.0635,0.0733,28.152228
0.0733,0.0733,0.0538,0.0587,0.0538,28.178228
0.0587,0.0391,0.0684,0.0489,0.0538,28.204228
0.0538,0.0587,0.0587,0.0489,0.044,28.229188
0.1222,0.1173,0.044,0.1564,0.1173,28.254148
0.2493,0.1173,0.0782,0.1417,0.1417,28.279108
0.1515,0.1711,0.176,0.1417,0.0684,28.305108
0.2102,0.0489,0.0733,0.1515,0.1026,28.331108
0.1417,0.0978,0.1515,0.1271,0.0391,28.357108
0.176,0.1417,0.0831,0.1124,0.1124,28.382068
0.044,0.044,0.0782,0.0831,0.0978,28.408068
0.0538,0.0587,0.044,0.044,0.0635,28.431988
0.0635,0.0684,0.0978,0.0929,0.0733,28.455908
0.1075,0.0538,0.0538,0.1466,0.088,28.481908
0.0587,0.2493,0.088,0.0733,0.1369,28.507908
0.044,0.0587,0.0684,0.1026,0.0929,28.533908
0.0587,0.0635,0.0391,0.0733,0.1026,28.558868
0.0538,0.1124,0.0782,0.132,0.044,28.583828
0.0489,0.0489,0.0684,0.0635,0.0978,28.608788
0.0831,0.1515,0.088,0.088,0.0538,28.634788
0.0782,0.0684,0.0978,0.1417,0.0782,28.660788
0.0635,0.2981,0.0978,0.0489,0.1124,28.686788
0.1417,0.0733,0.0831,0.0489,0.0733,28.712788
0.044,0.0635,0.0538,0.0538,0.044,28.738788
0.0489,0.0929,0.1026,0.0587,0.0782,28.762708
0.0684,0.0489,0.1515,0.1222,0.0489,28.788708
0.0929,0.0782,0.0538,0.1222,0.0929,28.814708
0.0831,0.0831,0.0978,0.0684,0.0831,28.840708
0.0538,0.0929,0.0489,0.044,0.1515,28.866708
0.1075,0.132,0.0929,0.0635,0.0831,28.891668
0.0538,0.132,0.0538,0.0684,0.0391,28.917668
0.2493,0.0587,0.0978,0.0635,0.1173,28.942628
0.0831,0.1124,0.0978,0.0391,0.0587,28.968628
0.1026,0.0587,0.132,0.0587,0.088,28.993588
0.1026,0.1173,0.1857,0.0635,0.0489,29.019588
0.0587,0.088,0.1466,0.1026,0.044,29.045588
0.0635,0.0684,0.0587,0.0635,0.0782,29.070548
0.044,0.0489,0.044,0.0391,0.0733,29.096548
0.044,0.0538,0.0538,0.0489,0.0391,29.119428
0.0587,0.044,0.0538,0.0635,0.0538,29.143348
0.044,0.0391,0.088,0.1173,0.2639,29.168308
0.0489,0.0831,0.1075,0.1026,0.088,29.192228
0.0587,0.0635,0.0782,0.0733,0.1271,29.218228
0.0782,0.0831,0.0929,0.0978,0.0684,29.244228
0.1075,0.0587,0.0489,0.088,0.0489,29.270228
0.0635,0.0391,0.0391,0.0733,0.0684,29.296228
0.0391,0.0587,0.0391,0.1173,0.0684,29.320148
0.0929,0.0391,0.0391,0.0391,0.0635,29.344068
0.0391,0.0635,0.0782,0.0978,0.2297,29.366948
0.1271,0.0929,0.0684,0.0684,0.0587,29.391908
0.0733,0.0538,0.0538,0.0587,0.1026,29.417908
0.1613,0.0489,0.0929,0.0684,0.0538,29.443908
0.044,0.0978,0.0733,0.0831,0.0489,29.469908
0.0538,0.0538,0.0391,0.0391,0.0635,29.494868
0.0635,0.0684,0.0587,0.044,0.0733,29.518788
0.0587,0.044,0.0635,0.0684,0.0587,29.543748
0.0733,0.088,0.0587,0.1026,0.1026,29.568708
0.1369,0.1026,0.132,0.0782,0.1173,29.594708
0.1613,0.0489,0.0489,0.044,0.0635,29.620708
0.0538,0.044,0.044,0.0391,0.0489,29.645668
0.0489,0.0391,0.044,0.0489,0.044,29.668548
0.0489,0.0538,0.0391,0.0489,0.0489,29.691428
0.044,0.0391,0.0391,0.044,0.0538,29.716388
0.044,0.0635,0.0538,0.044,0.0489,29.738228
0.0782,0.0733,0.088,0.0489,0.0929,29.762148
0.0831,0.0978,0.0587,0.044,0.0929,29.788148
0.088,0.1026,0.044,0.1026,0.0489,29.813108
0.0538,0.1124,0.1075,0.0978,0.0587,29.838068
0.0538,0.0733,0.0635,0.0391,0.0538,29.864068
0.0635,0.0489,0.044,0.0782,0.0782,29.889028
0.0587,0.0733,0.0733,0.0635,0.044,29.913988
0.0538,0.0684,0.0391,0.0391,0.0635,29.938948
0.044,0.0538,0.0538,0.0538,0.0489,29.962868
0.0489,0.044,0.0538,0.0391,0.0342,29.987828
0.044,0.044,0.0635,0.044,0.0635,30.010708
0.1026,0.0978,0.1075,0.1515,0.1173,30.033588
0.132,0.1124,0.1417,0.1222,0.0538,30.059588
0.1026,0.0635,0.1075,0.0733,0.0587,30.085588
0.1124,0.088,0.2004,0.0538,0.0684,30.111588
0.1075,0.0635,0.0587,0.0587,0.0391,30.137588
0.1124,0.0929,0.0489,0.0635,0.0635,30.162548
0.0587,0.044,0.0489,0.0733,0.0538,30.188552
0.0587,0.0587,0.0587,0.044,0.0684,30.213508
0.0635,0.044,0.0635,0.0587,0.044,30.238468
0.0929,0.0587,0.0538,0.1124,0.088,30.262388
0.0538,0.0929,0.1417,0.0782,0.044,30.288388
0.0684,0.0635,0.0831,0.044,0.0391,30.313348
0.0489,0.0587,0.0587,0.0635,0.0587,30.337268
0.0587,0.0489,0.0538,0.0635,0.0782,30.363268
0.088,0.0782,0.0684,0.0782,0.0684,30.389268
0.0733,0.0587,0.1515,0.088,0.0635,30.415268
0.1222,0.0587,0.1417,0.0587,0.0782,30.441268
0.044,0.1515,0.0929,0.044,0.044,30.467268
0.0782,0.0587,0.0587,0.0733,0.1026,30.490148
0.0587,0.0489,0.0538,0.1124,0.0489,30.516148
0.0733,0.0635,0.0782,0.044,0.0538,30.542148
0.1026,0.0635,0.0391,0.0489,0.0489,30.567108
0.0391,0.0635,0.0929,0.0489,0.044,30.592068
0.0635,0.0587,0.0684,0.0538,0.0733,30.615988
0.0635,0.0391,0.0391,0.0733,0.0635,30.641988
0.0929,0.0733,0.0391,0.0635,0.044,30.665908
0.044,0.0978,0.0489,0.0489,0.044,30.689828
0.1711,0.0489,0.0782,0.0733,0.0978,30.713748
0.0929,0.1026,0.1173,0.0538,0.0684,30.739748
0.1075,0.0929,0.0489,0.0831,0.1417,30.765748
0.0831,0.1417,0.1515,0.044,0.0831,30.791748
0.0635,0.0635,0.1222,0.1222,0.0733,30.816708
0.0733,0.0538,0.0635,0.0587,0.0831,30.842708
0.0635,0.0587,0.044,0.0538,0.044,30.868708
0.0538,0.0489,0.0489,0.0391,0.0489,30.892628
0.0489,0.0538,0.0391,0.0489,0.044,30.917588
0.044,0.0635,0.0929,0.1857,0.2102,30.941508
0.0733,0.0684,0.044,0.1026,0.044,30.966468
0.0831,0.0538,0.0782,0.0733,0.044,30.990388
0.0489,0.0635,0.0733,0.0635,0.0587,31.015348
0.0831,0.0538,0.044,0.0391,0.0635,31.041348
0.0538,0.0831,0.0391,0.0831,0.0489,31.065268
0.0587,0.0538,0.0489,0.2004,0.1808,31.090228
0.1222,0.1515,0.044,0.0489,0.0831,31.116228
0.1173,0.1613,0.088,0.0782,0.0782,31.141188
0.0831,0.0635,0.0635,0.0831,0.088,31.167188
0.0929,0.0733,0.0684,0.0684,0.0782,31.193188
0.0831,0.1124,0.0587,0.0831,0.0489,31.219188
0.0587,0.0684,0.0391,0.0489,0.0489,31.245188
0.044,0.044,0.044,0.044,0.0538,31.270148
0.0489,0.044,0.0635,0.0391,0.044,31.291988
0.044,0.0489,0.0538,0.0391,0.0342,31.314868
0.0635,0.0538,0.044,0.0391,0.0782,31.337748
0.0538,0.0733,0.088,0.1124,0.0538,31.361668
0.0489,0.088,0.0489,0.0684,0.0587,31.387668
0.0538,0.1075,0.0929,0.0635,0.0929,31.413668
0.0635,0.0587,0.0635,0.0391,0.0391,31.439668
0.0391,0.0978,0.0391,0.0538,0.0538,31.463588
0.0635,0.0635,0.0831,0.0684,0.0538,31.487508
0.0587,0.0538,0.0782,0.0538,0.0489,31.513508
0.0733,0.0587,0.0538,0.0587,0.0587,31.539508
0.0587,0.0587,0.0587,0.0635,0.0489,31.565508
0.0489,0.0587,0.0391,0.0733,0.0587,31.591508
0.044,0.0587,0.044,0.044,0.044,31.616468
0.0733,0.088,0.0587,0.1075,0.0782,31.638308
0.0391,0.0538,0.0391,0.0391,0.1026,31.664308
0.0538,0.0635,0.0733,0.0684,0.0391,31.687188
0.0538,0.0587,0.0538,0.0489,0.0733,31.712148
0.0489,0.0489,0.0684,0.0733,0.0391,31.738148
0.1124,0.0391,0.0782,0.0489,0.0929,31.763108
0.0782,0.1124,0.0391,0.0733,0.0929,31.788068
0.1124,0.0391,0.0929,0.1906,0.088,31.813028
0.0635,0.0489,0.132,0.0929,0.088,31.837988
0.0587,0.044,0.044,0.0635,0.0587,31.863988
0.0489,0.0635,0.0782,0.0489,0.0733,31.887908
0.0782,0.0684,0.0489,0.0635,0.0831,31.913908
0.0635,0.0538,0.0587,0.0635,0.0391,31.939908
0.0635,0.0391,0.0587,0.0538,0.0587,31.964868
0.0489,0.0538,0.0538,0.0489,0.044,31.989828
0.0489,0.0587,0.0831,0.0538,0.0978,32.014788
0.0929,0.0538,0.0978,0.044,0.0489,32.040788
0.0587,0.1222,0.1515,0.0391,0.0782,32.065748
0.0635,0.0978,0.044,0.0831,0.132,32.090708
0.1026,0.1075,0.0929,0.044,0.0929,32.115668
0.1173,0.0587,0.0391,0.0391,0.0391,32.140628
0.0635,0.0635,0.0635,0.0782,0.088,32.163508
0.044,0.0538,0.0489,0.0684,0.0733,32.189508
0.0538,0.044,0.0733,0.044,0.0635,32.214468
0.0489,0.0489,0.0635,0.0684,0.0391,32.238388
0.0733,0.0489,0.0635,0.0538,0.0635,32.263348
0.0587,0.0489,0.044,0.0538,0.0391,32.289348
0.2297,0.0391,0.1466,0.0538,0.0391,32.313268
0.0587,0.0538,0.0733,0.0587,0.0489,32.337188
0.044,0.0391,0.0782,0.0489,0.0733,32.363188
0.0391,0.0587,0.0733,0.0733,0.0831,32.387108
0.0587,0.1173,0.0391,0.1075,0.044,32.412068
0.0391,0.0538,0.088,0.0342,0.1124,32.435988
0.1026,0.0929,0.0929,0.0538,0.044,32.459908
0.0489,0.1955,0.1711,0.0587,0.1075,32.484868
0.0391,0.0391,0.176,0.0635,0.1369,32.510868
0.0684,0.0587,0.0684,0.088,0.0831,32.534788
0.0391,0.0391,0.1026,0.0635,0.0782,32.560788
0.044,0.044,0.0782,0.0587,0.0782,32.584712
0.044,0.0831,0.0831,0.1124,0.0831,32.608628
0.0587,0.0733,0.1075,0.0831,0.0538,32.633588
0.0635,0.0538,0.0587,0.0489,0.0538,32.659588
0.0587,0.0538,0.0489,0.0489,0.0391,32.685588
0.0489,0.0733,0.1026,0.1515,0.0391,32.710548
0.0929,0.0489,0.132,0.0831,0.0929,32.735508
0.0929,0.0684,0.1173,0.0391,0.1222,32.761508
0.0391,0.0635,0.0782,0.088,0.1124,32.786468
0.1026,0.0391,0.0782,0.0635,0.0782,32.811428
0.0733,0.0391,0.044,0.0489,0.1222,32.836388
0.0684,0.0929,0.0684,0.0391,0.0733,32.860308
0.0489,0.044,0.1026,0.044,0.0831,32.885268
0.0635,0.0684,0.0733,0.0831,0.0538,32.909188
0.0489,0.0831,0.0538,0.0391,0.0538,32.935188
0.0635,0.0587,0.0391,0.0538,0.0489,32.960148
0.0489,0.0733,0.0391,0.0635,0.1564,32.985108
0.1173,0.0929,0.0782,0.0538,0.0587,33.010068
0.1026,0.0587,0.0831,0.088,0.088,33.036068
0.0587,0.1515,0.0538,0.1124,0.0733,33.062068
0.044,0.0733,0.0978,0.044,0.0538,33.088068
0.1124,0.0196,0.1417,0.0978,0.1026,33.111988
0.0831,0.0684,0.044,0.0831,0.1808,33.136948
0.0929,0.0391,0.0733,0.1417,0.044,33.161908
0.0587,0.0587,0.1515,0.0733,0.0587,33.185828
0.0489,0.0489,0.1075,0.044,0.0684,33.211828
0.0684,0.0538,0.0538,0.0587,0.0489,33.236788
0.0587,0.0782,0.0978,0.0831,0.0489,33.262788
0.0733,0.0782,0.132,0.1124,0.0489,33.288788
0.0929,0.0782,0.0929,0.0587,0.0684,33.314788
0.0391,0.0684,0.0782,0.0538,0.0391,33.340788
0.0978,0.0684,0.0635,0.088,0.0489,33.364708
0.1515,0.0782,0.1369,0.0831,0.2151,33.390708
0.0782,0.1026,0.0391,0.1075,0.1906,33.416708
0.0831,0.0587,0.2004,0.1026,0.0489,33.441668
0.2199,0.1124,0.0782,0.1417,0.0391,33.467668
0.0733,0.0831,0.0831,0.0489,0.1173,33.492628
0.0587,0.044,0.0587,0.0684,0.0587,33.518628
0.0391,0.0391,0.1124,0.0587,0.0733,33.543588
0.0684,0.088,0.0733,0.0587,0.088,33.567508
0.0635,0.0782,0.0733,0.0684,0.044,33.593508
0.0587,0.0489,0.0635,0.0831,0.0587,33.618468
0.044,0.0635,0.0538,0.0684,0.0587,33.644468
0.0782,0.0635,0.044,0.1026,0.088,33.669428
0.132,0.132,0.0684,0.0929,0.0587,33.694388
0.1222,0.0733,0.0538,0.0782,0.0293,33.720388
0.0733,0.132,0.0635,0.0587,0.0391,33.745348
0.0293,0.1026,0.044,0.0489,0.0538,33.770308
0.0831,0.0587,0.0391,0.044,0.0684,33.794228
0.1075,0.0684,0.1222,0.0782,0.259,33.818148
0.0684,0.1026,0.0587,0.0587,0.1026,33.844148
0.0684,0.1173,0.0538,0.0489,0.044,33.870148
0.044,0.0587,0.0489,0.0587,0.0733,33.895108
0.0538,0.0733,0.088,0.0831,0.0733,33.920068
0.0635,0.0538,0.0538,0.1222,0.088,33.946068
0.0538,0.0538,0.044,0.0684,0.0782,33.972068
0.0587,0.0831,0.0391,0.044,0.0391,33.997028
0.0733,0.0587,0.1124,0.1026,0.0489,34.019908
0.0635,0.0684,0.0684,0.0391,0.0391,34.045908
0.1906,0.0391,0.0978,0.0587,0.1369,34.069828
0.044,0.0782,0.0489,0.1222,0.0733,34.094788
0.0831,0.0489,0.0684,0.0684,0.0782,34.119748
0.1711,0.0978,0.0978,0.0587,0.0782,34.145748
0.0733,0.0684,0.0587,0.2102,0.1173,34.171748
0.0684,0.0587,0.044,0.0489,0.0635,34.197748
0.0733,0.0391,0.0587,0.0635,0.0831,34.222708
0.0831,0.0587,0.0538,0.0538,0.0538,34.247668
0.044,0.0538,0.0538,0.044,0.0587,34.273668
0.0635,0.0489,0.0391,0.0489,0.0635,34.297588
0.044,0.0489,0.0538,0.0391,0.0733,34.322548
0.0391,0.1075,0.0782,0.1222,0.0587,34.346468
0.0684,0.0587,0.0635,0.0538,0.044,34.371428
0.044,0.0587,0.0391,0.0684,0.0538,34.396388
0.0684,0.0635,0.0635,0.0684,0.1124,34.420308
0.0684,0.0782,0.088,0.0489,0.0782,34.446308
0.044,0.0538,0.1222,0.1222,0.1222,34.472308
0.0391,0.0684,0.0587,0.088,0.0489,34.497268
0.1711,0.0733,0.2884,0.0587,0.1026,34.522228
0.0782,0.1124,0.1173,0.0587,0.0929,34.548228
0.0782,0.0489,0.0587,0.0831,0.0391,34.574228
0.044,0.0831,0.0538,0.0489,0.0684,34.599188
0.0684,0.0929,0.0587,0.0538,0.0733,34.624148
0.0587,0.044,0.0684,0.044,0.0489,34.650148
0.0391,0.044,0.044,0.044,0.044,34.674068
0.0489,0.0733,0.0391,0.0587,0.044,34.694868
0.0684,0.0684,0.088,0.0635,0.0733,34.718788
0.1271,0.044,0.0831,0.1173,0.0538,34.744788
0.2053,0.1808,0.1564,0.1515,0.1613,34.769748
0.088,0.0782,0.0929,0.0391,0.0587,34.795748
0.0831,0.0635,0.0978,0.1417,0.132,34.820708
0.0635,0.0587,0.1173,0.1711,0.044,34.846708
0.0978,0.2053,0.1515,0.0587,0.1222,34.871668
0.0635,0.0391,0.0538,0.0587,0.0635,34.897668
0.0782,0.0587,0.0831,0.0538,0.0684,34.922628
0.0489,0.0391,0.0733,0.0635,0.0538,34.948628
0.0538,0.0391,0.044,0.0538,0.0489,34.973588
0.0684,0.0782,0.0391,0.0538,0.0489,34.997508
0.0293,0.0293,0.0538,0.0538,0.0635,35.022468
0.0831,0.1417,0.0733,0.0391,0.0538,35.046388
0.0489,0.044,0.0538,0.0733,0.0782,35.071348
0.0733,0.0538,0.0733,0.0587,0.1026,35.096308
0.0635,0.0538,0.0489,0.0929,0.0733,35.122308
0.044,0.1026,0.0782,0.0635,0.0831,35.148308
0.0391,0.0782,0.044,0.0391,0.0489,35.173268
0.044,0.0538,0.0391,0.0489,0.0391,35.196148
0.0391,0.0489,0.044,0.0391,0.0538,35.219028
0.0391,0.044,0.0538,0.0391,0.0391,35.241908
0.0391,0.0782,0.0978,0.044,0.0929,35.263748
0.0293,0.0489,0.0831,0.0391,0.1271,35.287668
0.0929,0.0782,0.0978,0.0978,0.1124,35.311588
0.1271,0.0684,0.1075,0.1417,0.044,35.337588
0.0684,0.0782,0.0587,0.088,0.0489,35.362548
0.0538,0.0929,0.0489,0.1222,0.0684,35.388548
0.0489,0.0587,0.0391,0.0489,0.0733,35.414548
0.0635,0.0538,0.0489,0.0635,0.0489,35.439508
0.0782,0.0733,0.0635,0.0489,0.088,35.465508
0.0684,0.1417,0.088,0.0635,0.044,35.491508
0.1222,0.0782,0.0391,0.1564,0.1075,35.516468
0.2102,0.0831,0.2493,0.0587,0.1808,35.541428
0.2493,0.0587,0.1075,0.1222,0.132,35.567428
0.176,0.0733,0.2151,0.0929,0.0635,35.593428
0.0978,0.1711,0.0782,0.0929,0.0538,35.619428
0.0831,0.1026,0.1124,0.0782,0.1857,35.645428
0.044,0.0587,0.0587,0.0929,0.0733,35.671428
0.0489,0.0587,0.0489,0.0391,0.0733,35.696388
0.0391,0.044,0.0489,0.0587,0.0391,35.721348
0.1026,0.0978,0.0489,0.1515,0.2688,35.744228
0.0831,0.1026,0.0489,0.0391,0.0587,35.770228
0.0635,0.0489,0.0635,0.0635,0.0587,35.795188
0.0391,0.0489,0.088,0.0635,0.1124,35.821188
0.0733,0.1417,0.0733,0.044,0.0293,35.846152
0.0929,0.0831,0.1417,0.0489,0.1124,35.870068
0.0489,0.1124,0.0929,0.0978,0.0391,35.896068
0.0587,0.0929,0.0587,0.1906,0.0391,35.921028
0.1662,0.0587,0.1075,0.1026,0.0684,35.945988
0.0538,0.0782,0.0635,0.0782,0.0831,35.971988
0.044,0.0538,0.0929,0.0733,0.0831,35.997988
0.0929,0.0538,0.0489,0.0684,0.0684,36.022948
0.044,0.0635,0.0587,0.0391,0.0489,36.048948
0.0538,0.0489,0.0391,0.0587,0.0733,36.072868
0.0489,0.0489,0.0391,0.0929,0.0538,36.097828
0.0782,0.0489,0.0733,0.1026,0.1124,36.122788
0.0587,0.1711,0.0782,0.0684,0.1515,36.148788
0.0489,0.2395,0.0587,0.0684,0.0684,36.174788
0.0684,0.0538,0.0978,0.0635,0.0929,36.200788
0.0782,0.1026,0.1564,0.1564,0.0587,36.226788
0.1808,0.0489,0.1222,0.0684,0.0489,36.252788
0.0587,0.1417,0.0538,0.0929,0.0831,36.278788
0.0635,0.0978,0.0782,0.088,0.0635,36.304788
0.0538,0.044,0.044,0.0831,0.0587,36.330788
0.0635,0.0587,0.0782,0.0929,0.0635,36.354708
0.176,0.0635,0.1515,0.044,0.1075,36.380708
0.0391,0.0538,0.0929,0.0489,0.1026,36.405668
0.0635,0.0831,0.0391,0.0831,0.0489,36.430628
0.0782,0.0587,0.044,0.044,0.1026,36.455588
0.044,0.0978,0.0538,0.044,0.0635,36.479508
0.1124,0.1613,0.088,0.1808,0.1564,36.503428
0.0391,0.1515,0.1906,0.0733,0.2199,36.529428
0.1906,0.1124,0.0684,0.1369,0.0782,36.554388
0.1906,0.044,0.1857,0.1613,0.2053,36.580388
0.088,0.0733,0.1026,0.0538,0.0489,36.605348
0.088,0.0587,0.0831,0.1369,0.1417,36.631348
0.1124,0.0733,0.0929,0.1222,0.0489,36.657348
0.044,0.0733,0.0489,0.0391,0.0831,36.683348
0.044,0.0391,0.0733,0.0587,0.0684,36.707268
0.044,0.0684,0.0391,0.0489,0.0635,36.731188
0.0635,0.0391,0.0782,0.044,0.0929,36.755108
0.2199,0.0978,0.2004,0.1906,0.0489,36.779028
0.044,0.1564,0.132,0.1124,0.1026,36.805028
0.1711,0.0538,0.0684,0.1026,0.0978,36.829988
0.1515,0.1955,0.1906,0.044,0.0587,36.855988
0.132,0.0782,0.1173,0.0489,0.0684,36.880948
0.1026,0.1075,0.0684,0.0489,0.1026,36.906948
0.1564,0.0684,0.0587,0.0733,0.0782,36.932948
0.1124,0.0782,0.1173,0.0635,0.0391,36.958948
0.0538,0.0587,0.088,0.0684,0.0342,36.983908
0.0733,0.0489,0.1026,0.0684,0.0684,37.008868
0.0635,0.0489,0.1906,0.0733,0.044,37.034868
0.0538,0.0733,0.0587,0.0538,0.0538,37.059828
0.0635,0.0929,0.0391,0.0587,0.0587,37.085828
0.0684,0.0587,0.0391,0.0391,0.0782,37.110792
0.0733,0.1124,0.044,0.0929,0.0782,37.134708
0.1124,0.0391,0.0782,0.1026,0.088,37.159668
0.3079,0.0733,0.0782,0.1906,0.0635,37.184628
0.0587,0.2297,0.1026,0.0684,0.0391,37.210628
0.0684,0.1026,0.0684,0.1222,0.0929,37.235588
0.044,0.0391,0.0538,0.1173,0.1173,37.261588
0.1515,0.1075,0.132,0.0831,0.044,37.285508
0.132,0.0978,0.0635,0.1075,0.0489,37.310472
0.0929,0.0978,0.1075,0.0489,0.0587,37.336468
0.0831,0.0587,0.0782,0.0635,0.0831,37.362468
0.0684,0.0587,0.132,0.0684,0.0831,37.388468
0.088,0.0489,0.0489,0.0782,0.0489,37.414468
0.132,0.0587,0.0538,0.1564,0.0684,37.440468
0.0538,0.088,0.1515,0.0684,0.1173,37.466468
0.044,0.0782,0.1222,0.0587,0.0489,37.492468
0.0635,0.0587,0.0782,0.0587,0.1417,37.517428
0.044,0.0635,0.0782,0.1173,0.1173,37.543428
0.1417,0.0684,0.0489,0.0538,0.0635,37.568388
0.0831,0.0489,0.044,0.044,0.0391,37.594388
0.0782,0.0635,0.0538,0.0635,0.044,37.617268
0.0684,0.0782,0.0733,0.0929,0.0733,37.642228
0.0733,0.0489,0.0733,0.0929,0.0587,37.668228
0.347,0.2688,0.1124,0.1515,0.0587,37.694228
0.0782,0.0489,0.044,0.0391,0.088,37.720228
0.0733,0.0733,0.0733,0.0782,0.1075,37.744148
0.1026,0.044,0.088,0.0684,0.0635,37.770148
0.0587,0.1173,0.0391,0.1075,0.0635,37.795108
0.1124,0.0489,0.044,0.1515,0.0391,37.820068
0.1906,0.1271,0.1564,0.0587,0.1222,37.843988
0.1173,0.0489,0.044,0.1417,0.1124,37.869988
0.1369,0.0635,0.0782,0.0782,0.1515,37.894948
0.0538,0.044,0.0635,0.088,0.0733,37.920948
0.0684,0.1026,0.0831,0.1173,0.1222,37.945908
0.0489,0.0391,0.0831,0.0782,0.0391,37.971908
0.0489,0.0489,0.044,0.0489,0.0489,37.995828
0.0391,0.0538,0.0391,0.0538,0.044,38.020788
0.0538,0.044,0.044,0.0587,0.0391,38.043668
0.0391,0.044,0.0391,0.0489,0.0733,38.066548
0.0391,0.1026,0.0978,0.0782,0.044,38.089428
0.0391,0.0831,0.0684,0.1075,0.1369,38.113348
0.0489,0.0391,0.0489,0.0489,0.044,38.138308
0.0489,0.044,0.0391,0.0782,0.0391,38.162228
0.0391,0.0538,0.0587,0.0538,0.0733,38.185108
0.0587,0.0489,0.0538,0.044,0.0538,38.210068
0.044,0.0489,0.0587,0.0587,0.0587,38.235028
0.0733,0.088,0.0587,0.0391,0.0929,38.259988
0.0538,0.088,0.0538,0.0489,0.1124,38.284948
0.044,0.1026,0.0489,0.0587,0.1124,38.310948
0.0733,0.0391,0.0684,0.0538,0.0538,38.335908
0.0978,0.0489,0.044,0.0587,0.0538,38.360868
0.0489,0.0538,0.0538,0.044,0.0391,38.385828
0.0587,0.0733,0.0635,0.0587,0.0684,38.409748
0.0782,0.044,0.0391,0.044,0.0635,38.435748
0.044,0.044,0.0489,0.0587,0.0538,38.458628
0.0831,0.0684,0.0489,0.0587,0.0538,38.482548
0.0733,0.0929,0.0733,0.0489,0.0489,38.508552
0.0831,0.0929,0.1026,0.0538,0.1173,38.534548
0.1026,0.1711,0.0782,0.044,0.1173,38.560548
0.0587,0.132,0.0782,0.0782,0.0978,38.585508
0.0489,0.1515,0.0929,0.0635,0.0782,38.611508
0.0538,0.1075,0.0587,0.0929,0.0929,38.637508
0.0391,0.0978,0.132,0.1124,0.0635,38.663508
0.0635,0.044,0.0489,0.0635,0.0587,38.688468
0.044,0.0489,0.0538,0.0391,0.044,38.713428
0.0489,0.0538,0.0587,0.0684,0.0635,38.736308
0.0538,0.044,0.0538,0.044,0.0489,38.762308
0.1026,0.0733,0.0391,0.0929,0.0489,38.786228
0.0733,0.044,0.0587,0.0635,0.044,38.811188
0.0684,0.0538,0.0733,0.0391,0.1124,38.835108
0.088,0.0782,0.0782,0.0391,0.1026,38.860068
0.1026,0.044,0.044,0.0782,0.1026,38.885028
0.0538,0.0733,0.1026,0.088,0.132,38.908948
0.132,0.0782,0.0489,0.0782,0.0831,38.934948
0.1515,0.0489,0.0782,0.0635,0.088,38.960948
0.0489,0.0391,0.0733,0.088,0.0684,38.986948
0.044,0.088,0.0831,0.0538,0.0489,39.011908
0.0684,0.0782,0.0684,0.0635,0.0635,39.036868
0.0782,0.0538,0.0635,0.0538,0.0587,39.062868
0.0538,0.0489,0.0587,0.0635,0.0587,39.088868
0.0538,0.0391,0.0391,0.0587,0.0635,39.114868
0.0538,0.0782,0.0587,0.088,0.0538,39.138788
0.1124,0.0538,0.0391,0.0538,0.0831,39.164788
0.0929,0.0587,0.0733,0.1222,0.0587,39.189748
0.0489,0.0929,0.0782,0.1222,0.1906,39.215748
0.1613,0.1124,0.088,0.088,0.1271,39.241748
0.1124,0.044,0.1026,0.0587,0.0929,39.267748
0.1124,0.0635,0.1515,0.0733,0.0831,39.292708
0.0587,0.0587,0.0489,0.088,0.0587,39.318708
0.0635,0.0635,0.0538,0.044,0.0733,39.344708
0.0538,0.0391,0.0391,0.044,0.044,39.369668
0.0587,0.0489,0.0489,0.0587,0.0489,39.391508
0.044,0.0538,0.0538,0.0391,0.0538,39.417508
0.0489,0.0538,0.044,0.0538,0.0391,39.441428
0.2053,0.0978,0.0489,0.0391,0.044,39.465348
0.0391,0.0391,0.044,0.044,0.1075,39.489268
0.0391,0.0733,0.0391,0.044,0.0391,39.511108
